"","SeuratCellTypes"
"AAACGAAAGAACCCGA-1","Cancer Epi"
"AAACGAAAGTACCTCA-1","Cancer Epi"
"AAACGAACAGAAAGAG-1","Cancer Epi"
"AAACGAAGTGGTCGAA-1","Cancer Epi"
"AAACGAATCAATCGTG-1","Blood"
"AAACGAATCCCACGGA-1","Blood"
"AAACTCGAGGTCGGTA-1","Blood"
"AAACTCGCAGTGGTCC-1","Cancer Epi"
"AAACTCGTCGGGCTCA-1","Blood"
"AAACTGCGTGAGGGTT-1","Cancer Epi"
"AAACTGCTCCGGCTGA-1","Blood"
"AAAGATGAGTCGCCTG-1","Blood"
"AAAGATGCAGGAGCAT-1","Cancer Epi"
"AAAGATGGTAGTTTGC-1","Cancer Epi"
"AAAGATGTCTCGCGTT-1","Cancer Epi"
"AAAGGATAGCAGAATT-1","Blood"
"AAAGGATGTTTGCCAA-1","Blood"
"AAAGGATTCGTCGCAG-1","Cancer Epi"
"AAAGGGCAGTAGTGTA-1","Cancer Epi"
"AAAGGGCCAAAGCATA-1","Cancer Epi"
"AAAGGGCGTGCTAGTT-1","Cancer Epi"
"AAATGAGCAACGCAAG-1","Cancer Epi"
"AAATGAGTCGACCCGA-1","Cancer Epi"
"AAATGCCCACAAACGG-1","Cancer Epi"
"AAATGCCGTAACAATG-1","Cancer Epi"
"AAATGCCTCCACCTAC-1","Blood"
"AACAAAGCACACATGT-1","Cancer Epi"
"AACAGTCTCCGCGATG-1","Blood"
"AACATCGAGTCCTTCC-1","Cancer Epi"
"AACATCGCAACTCGTA-1","Blood"
"AACATCGCATTTGGTG-1","Cancer Epi"
"AACCAACAGATTCCGT-1","Cancer Epi"
"AACCAACCATAGACGG-1","Blood"
"AACCAACGTAGTATCC-1","Blood"
"AACCAACTCGGTTGTA-1","Blood"
"AACCGATCATAGACGG-1","Cancer Epi"
"AACCGATGTGCAAGAC-1","Blood"
"AACCGATGTTTCGTTT-1","Cancer Epi"
"AACCGATTCTTATCAC-1","Cancer Epi"
"AACCTGACAACCTCTC-1","Cancer Epi"
"AACCTGACAAGCAGGT-1","Cancer Epi"
"AACCTGAGTCTGGGCT-1","Blood"
"AACCTTTAGCTGAATA-1","Blood"
"AACCTTTAGTGATAAC-1","Blood"
"AACCTTTAGTGCCCTG-1","Cancer Epi"
"AACCTTTGTATTCGCA-1","Cancer Epi"
"AACCTTTGTCCGCTTT-1","Blood"
"AACGAGGCAGTCCTGG-1","Blood"
"AACGGGAAGCATGATA-1","Cancer Epi"
"AACGGGAAGCTTTCCC-1","Cancer Epi"
"AACGTACAGGTACATA-1","Cancer Epi"
"AACGTACGTCAGAAGC-1","Blood"
"AACTGGTCAATGACTC-1","Cancer Epi"
"AACTGGTCACTGAAGG-1","Blood"
"AACTGGTGTAACTGAA-1","Cancer Epi"
"AACTGTGGTGCAAGCA-1","Blood"
"AACTTGGAGTTCAACC-1","Cancer Epi"
"AACTTGGCAGATGGCA-1","Blood"
"AACTTGGGTCCTCAGG-1","Blood"
"AACTTGGTCGTTGTTT-1","Blood"
"AAGATAGTCCGTTTCG-1","Cancer Epi"
"AAGGAGCAGGATGTCG-1","Blood"
"AAGGAGCCATCATGTG-1","Cancer Epi"
"AAGGAGCTCATTCATC-1","Blood"
"AAGGTTCAGACCCTAT-1","Cancer Epi"
"AAGGTTCAGTCTGTGT-1","Blood"
"AAGGTTCCACAGAAGC-1","Cancer Epi"
"AAGGTTCCATATACGC-1","Cancer Epi"
"AAGGTTCGTGTCTACA-1","Cancer Epi"
"AAGGTTCTCCAACAAC-1","Blood"
"AAGGTTCTCTTCACTA-1","Cancer Epi"
"AATACGCAGACACAAT-1","Blood"
"AATACGCAGACACTTC-1","Blood"
"AATACGCAGGGTATCG-1","Cancer Epi"
"AATACGCGTAACACTC-1","Blood"
"AATACGCGTATGTCCA-1","Cancer Epi"
"AATACGCTCAGGAAGC-1","Cancer Epi"
"AATGCCAGTCACTCTC-1","Blood"
"AATGCCATCCAGGCCA-1","Blood"
"AATGCCATCCAGTTAG-1","Cancer Epi"
"AATGCCATCGGGACAA-1","Blood"
"AATGGAACACCCTTTG-1","Cancer Epi"
"AATGGAATCCCGTAGG-1","Cancer Epi"
"AATGGCTAGTGGGACT-1","Cancer Epi"
"AATGGCTCACATGATC-1","Cancer Epi"
"AATGGCTCAGCAACGA-1","Blood"
"AATGTCGAGTGAAGGA-1","Blood"
"AATGTCGCACATCATG-1","Blood"
"AATGTCGCACGCGCAT-1","Cancer Epi"
"AATGTCGGTACGCAAG-1","Cancer Epi"
"AATGTCGGTGGAAAGA-1","Blood"
"ACAAACCAGCGGACAT-1","Cancer Epi"
"ACAAACCAGTGATATG-1","Cancer Epi"
"ACAAACCCACGCTGTG-1","Blood"
"ACAAACCGTGCCCAGT-1","Blood"
"ACAAACCTCCAGGTCG-1","Cancer Epi"
"ACAAAGAAGGGAAGCG-1","Cancer Epi"
"ACAAAGAAGTTGCCGC-1","Blood"
"ACAAAGACATGGCCTG-1","Blood"
"ACAAAGATCTCATATC-1","Cancer Epi"
"ACAAGCTGTAATGTAG-1","Cancer Epi"
"ACAAGCTGTTGGTAAA-1","Cancer Epi"
"ACAAGCTTCCATTGAG-1","Blood"
"ACAAGCTTCGCCGAAC-1","Cancer Epi"
"ACAATCGCACGGTTAT-1","Cancer Epi"
"ACAATCGGTTGGCGAA-1","Cancer Epi"
"ACAGAAAAGGCCAATG-1","Blood"
"ACAGAAACAGCAACCC-1","Blood"
"ACAGAAAGTCAAGACG-1","Cancer Epi"
"ACAGAAAGTTACACTG-1","Blood"
"ACAGACTCACTCGTGG-1","Blood"
"ACAGACTGTGAAACAT-1","Blood"
"ACAGACTTCGATGCAT-1","Cancer Epi"
"ACAGCGCCATAGCAGG-1","Blood"
"ACAGGCCAGCGCGTTC-1","Blood"
"ACAGGCCAGGTCCTCG-1","Cancer Epi"
"ACAGGCCTCTCTGCGT-1","Cancer Epi"
"ACATGCAAGAGCTGTG-1","Blood"
"ACATGCAGTCTGGGCT-1","Cancer Epi"
"ACATGCAGTGCACTTA-1","Blood"
"ACATGGTAGGCAGTAC-1","Blood"
"ACATGGTGTACCGGCT-1","Cancer Epi"
"ACATGGTTCGTTCAGA-1","Cancer Epi"
"ACCAAACGTGCCCGAT-1","Cancer Epi"
"ACCAAACGTTACGCTA-1","Cancer Epi"
"ACCAAACTCCCGGGTA-1","Blood"
"ACCATCCAGGTGATGC-1","Blood"
"ACCATCCAGTCCGGAA-1","Cancer Epi"
"ACCATCCGTGGAGTGT-1","Blood"
"ACCATCCTCTGAAAGA-1","Cancer Epi"
"ACCCAAACATATTGGC-1","Blood"
"ACCGAATCAAGTCTGT-1","Cancer Epi"
"ACCGAATGTTTGCCAA-1","Blood"
"ACCGAATTCCTTTGCG-1","Blood"
"ACCGCAGTCCGTGCAG-1","Blood"
"ACCGGGTTCAGTGGTT-1","Cancer Epi"
"ACCTGCTAGCTACGTT-1","Blood"
"ACCTGCTGTACGGATG-1","Blood"
"ACCTGCTGTTAACCAC-1","Cancer Epi"
"ACCTGCTTCGTCTAGA-1","Cancer Epi"
"ACCTGCTTCTTCATAC-1","Cancer Epi"
"ACGGATTAGAAGGGCG-1","Cancer Epi"
"ACGGATTAGCTTCAAC-1","Blood"
"ACGGATTAGTATGGGC-1","Blood"
"ACGGATTGTGGACGAT-1","Blood"
"ACGTGGCAGACCGCAA-1","Blood"
"ACGTGGCAGATCACCT-1","Blood"
"ACGTGGCCATAGCAGG-1","Cancer Epi"
"ACGTGGCCATGGGAAC-1","Blood"
"ACGTGGCGTATCGCGC-1","Cancer Epi"
"ACGTTAGCAATGCCAT-1","Blood"
"ACGTTAGCAGAGATGC-1","Blood"
"ACGTTAGGTGATGCTT-1","Cancer Epi"
"ACTAACGGTCCAAGTT-1","Cancer Epi"
"ACTACCCGTTATAGAG-1","Cancer Epi"
"ACTACGAAGCTACGTT-1","Blood"
"ACTACGACAAGCTTTG-1","Blood"
"ACTACGACATTGTTCT-1","Cancer Epi"
"ACTACGAGTGGACCAA-1","Cancer Epi"
"ACTACGATCACTAGCA-1","Blood"
"ACTAGGTGTATGCTAC-1","Blood"
"ACTAGGTGTCTGGGCT-1","Blood"
"ACTATTCAGCAAGGTC-1","Blood"
"ACTATTCAGGCTAAAT-1","Cancer Epi"
"ACTATTCCATAGGCGA-1","Cancer Epi"
"ACTATTCCATCGTGAT-1","Blood"
"ACTATTCGTACGGTTT-1","Cancer Epi"
"ACTATTCGTAGAATAC-1","Blood"
"ACTATTCGTCAGAAAT-1","Cancer Epi"
"ACTATTCGTTGGGAAC-1","Blood"
"ACTCGGGAGGGTATCG-1","Cancer Epi"
"ACTCGGGAGGTCGTTT-1","Blood"
"ACTGCAAGTAACATAG-1","Cancer Epi"
"ACTGCAATCACTCCCA-1","Cancer Epi"
"ACTGCGGCAACGAGGT-1","Cancer Epi"
"ACTGTCCCACATATCG-1","Cancer Epi"
"ACTGTCCGTCGGCTGT-1","Blood"
"ACTGTCCGTGAATCAA-1","Cancer Epi"
"ACTGTCCTCCTGAAAC-1","Blood"
"ACTTCCGAGGCAATTA-1","Cancer Epi"
"ACTTTCACAAGGAGGG-1","Blood"
"AGACAAAAGGCTTTAC-1","Cancer Epi"
"AGACAAATCAGCCGGT-1","Cancer Epi"
"AGATAGATCCCAGCGA-1","Blood"
"AGATAGATCGTGAACT-1","Cancer Epi"
"AGATTCGGTCCCGAGT-1","Cancer Epi"
"AGATTCGTCAGGCGCT-1","Cancer Epi"
"AGCCAGCAGACTAGCG-1","Cancer Epi"
"AGCCAGCCAATTGCCA-1","Cancer Epi"
"AGCCAGCGTCCCTTTG-1","Cancer Epi"
"AGCCAGCGTCTGCACG-1","Blood"
"AGCCAGCGTTGTCGGC-1","Blood"
"AGCCCGACAGGATGTG-1","Blood"
"AGCCCGAGTAATGCAA-1","Cancer Epi"
"AGCCGCAAGACAACGC-1","Blood"
"AGCCGCAAGTAGGTCG-1","Cancer Epi"
"AGCCGCAGTCATAAGA-1","Cancer Epi"
"AGCCTCTAGGACCGAT-1","Blood"
"AGCCTCTGTTCTGATG-1","Blood"
"AGCCTCTTCGATAGGG-1","Blood"
"AGCCTGGCACGGCCAT-1","Cancer Epi"
"AGCCTGGTCCATGACA-1","Blood"
"AGCCTTCAGCTATCGT-1","Cancer Epi"
"AGCCTTCTCCATTGTT-1","Blood"
"AGCGATTAGGACCGAT-1","Blood"
"AGCGTATAGCAATGTA-1","Blood"
"AGCGTATCAGGTAGCA-1","Cancer Epi"
"AGCGTATGTTTCACCC-1","Cancer Epi"
"AGCGTATTCAAACCAC-1","Cancer Epi"
"AGCGTATTCATTCTCA-1","Cancer Epi"
"AGCGTGCAGGTTCGAG-1","Blood"
"AGCGTGCCAAGGCTTT-1","Cancer Epi"
"AGCGTGCCAGAAGTGC-1","Blood"
"AGCTATGAGCGTATCT-1","Blood"
"AGCTATGAGGCGCTTC-1","Blood"
"AGCTATGCACTGCTTC-1","Blood"
"AGCTATGCAGTGCGAA-1","Blood"
"AGCTATGCATCGGCTG-1","Cancer Epi"
"AGCTATGGTAGAATAC-1","Cancer Epi"
"AGCTATGGTGGACTGA-1","Cancer Epi"
"AGCTGATAGGGCTCTC-1","Cancer Epi"
"AGCTGATTCCACGGCA-1","Blood"
"AGCTGATTCTCTGCGT-1","Blood"
"AGCTGGCAGCGCAATG-1","Cancer Epi"
"AGCTGGCGTTGGCTTA-1","Cancer Epi"
"AGCTGTACAGGTAACG-1","Blood"
"AGCTGTATCGGGAATG-1","Cancer Epi"
"AGGACGACATCCCTTG-1","Cancer Epi"
"AGGCCCACAAATAGTG-1","Blood"
"AGGCCCAGTATGGGTG-1","Cancer Epi"
"AGGCCCAGTATTCACG-1","Cancer Epi"
"AGGCCCATCACGATTG-1","Blood"
"AGGCCCATCGTCTTAT-1","Cancer Epi"
"AGGCCTGCAGACCTGC-1","Cancer Epi"
"AGGCCTGGTGTGTGTT-1","Blood"
"AGGCCTGGTTCCCTTG-1","Cancer Epi"
"AGGCGAACAGAGTCGA-1","Cancer Epi"
"AGGCGAACATCGCTAA-1","Cancer Epi"
"AGGCGTCTCCTATCCG-1","Cancer Epi"
"AGTCAACAGTTTGGAA-1","Blood"
"AGTCAACCACAGTAGG-1","Blood"
"AGTCAACGTGAGCTAG-1","Cancer Epi"
"AGTCAACTCGCGATGC-1","Cancer Epi"
"AGTCCGGCATCCTCGT-1","Blood"
"AGTGCGCAGATGTTCC-1","Cancer Epi"
"AGTGCGCAGGAGGCGA-1","Blood"
"AGTGCGCGTCAACTGT-1","Blood"
"AGTGCGCTCGTCCCTA-1","Cancer Epi"
"AGTGTACAGACTCTTG-1","Cancer Epi"
"AGTGTACCACCTGGTG-1","Blood"
"AGTGTACTCCAGTTAG-1","Cancer Epi"
"AGTGTACTCTCTTCCT-1","Blood"
"AGTTACGGTATGCTAC-1","Cancer Epi"
"AGTTACGTCGCCTTAC-1","Cancer Epi"
"AGTTTGGAGCAGGACT-1","Cancer Epi"
"AGTTTGGAGGTTGACG-1","Cancer Epi"
"AGTTTGGAGTCAACTC-1","Cancer Epi"
"AGTTTGGGTCAGAGTG-1","Blood"
"AGTTTGGGTTCTTAGG-1","Blood"
"AGTTTGGGTTGGAGGT-1","Blood"
"ATAGGCTGTACCTATG-1","Blood"
"ATAGGCTGTCTGAGCC-1","Blood"
"ATAGGCTGTGAGCTAG-1","Cancer Epi"
"ATAGTCGAGGCCAGTA-1","Cancer Epi"
"ATAGTCGAGTTGTCCA-1","Cancer Epi"
"ATAGTCGCATGCCCTT-1","Cancer Epi"
"ATATTCCCACATTCTT-1","Blood"
"ATATTCCGTTTCTACT-1","Cancer Epi"
"ATATTCCTCGCCCTTA-1","Blood"
"ATCCAGAGTACTTGAC-1","Cancer Epi"
"ATCCCTGGTGGGTAGT-1","Cancer Epi"
"ATCCCTGTCAGCACTA-1","Blood"
"ATCCTCGAGTTTACGC-1","Cancer Epi"
"ATCCTCGCACGCGATC-1","Cancer Epi"
"ATCCTCGGTACGCCCA-1","Cancer Epi"
"ATCCTGCAGCTCGGCT-1","Cancer Epi"
"ATCCTGCCAGTCAGAG-1","Cancer Epi"
"ATCGAGTAGCGTTGCC-1","Blood"
"ATCGAGTAGGCTCAGA-1","Blood"
"ATCGAGTAGTGCTAGG-1","Blood"
"ATGCATGAGGCGTCCT-1","Blood"
"ATGCATGCATGATCGT-1","Cancer Epi"
"ATGGATCCAATGGTAA-1","Cancer Epi"
"ATGTACGCAAGCACTT-1","Cancer Epi"
"ATGTCGACAGGCAGAT-1","Blood"
"ATGTCGAGTGGACGAT-1","Cancer Epi"
"ATGTCGAGTGGTGGTA-1","Cancer Epi"
"ATGTCGATCTTGTCGC-1","Cancer Epi"
"ATGTCTTGTAACACTC-1","Cancer Epi"
"ATGTTTCAGAGGTCCA-1","Cancer Epi"
"ATGTTTCCACAAGTGG-1","Blood"
"ATGTTTCGTTCGGGAA-1","Cancer Epi"
"ATGTTTCTCGTAGCGC-1","Cancer Epi"
"ATTACCTCATAGAATG-1","Cancer Epi"
"ATTACCTTCGCATACA-1","Cancer Epi"
"ATTACTCCAAACTACC-1","Cancer Epi"
"ATTACTCTCCGAATTG-1","Cancer Epi"
"ATTACTCTCGTGAACT-1","Cancer Epi"
"ATTACTCTCTCTATTG-1","Blood"
"ATTCGTTGTCATGAGG-1","Blood"
"ATTGTCTAGATTACGA-1","Blood"
"ATTGTCTCACGGTGTC-1","Cancer Epi"
"ATTGTCTGTCTCTGGG-1","Cancer Epi"
"ATTGTGGTCACCACAA-1","Blood"
"ATTTGTCAGATCGAGC-1","Cancer Epi"
"ATTTGTCAGTGAAGGA-1","Cancer Epi"
"ATTTGTCCATAGCCGC-1","Cancer Epi"
"CAAAGCTAGGTCGTTT-1","Blood"
"CAAAGCTCAAGGTCGA-1","Cancer Epi"
"CAAAGCTGTATGAAGT-1","Blood"
"CAAAGCTTCCTATCAT-1","Blood"
"CAACGGCCAGTCCTGG-1","Cancer Epi"
"CAACGGCGTAGAACGC-1","Cancer Epi"
"CAACGGCTCTGATCCC-1","Blood"
"CAACGTAAGATCGCCC-1","Blood"
"CAACGTAAGGAAGACA-1","Cancer Epi"
"CAACGTACACGAACGA-1","Cancer Epi"
"CAACGTAGTCTAAGAA-1","Blood"
"CAAGAAACATGGGTGA-1","Cancer Epi"
"CAAGAAAGTCCCTAAA-1","Blood"
"CAAGCTAAGACTTGAA-1","Cancer Epi"
"CAAGCTAAGCAATAAC-1","Blood"
"CAAGCTAGTGTGAGGT-1","Cancer Epi"
"CAAGGCCAGAACGCCA-1","Cancer Epi"
"CAAGGCCAGTAATCAG-1","Blood"
"CAAGGCCTCGCTTGAA-1","Cancer Epi"
"CAATCCCCACGCCGAT-1","Blood"
"CAATCCCCATGGTATC-1","Cancer Epi"
"CAATCCCGTCGTAGTT-1","Cancer Epi"
"CACAACACACGCGATC-1","Cancer Epi"
"CACAACACACGGTTAT-1","Blood"
"CACAACAGTTCTACCC-1","Blood"
"CACAACATCTTACTCA-1","Blood"
"CACAGATCAACACGGA-1","Blood"
"CACAGATGTATACGCT-1","Blood"
"CACAGATTCTGTGTGA-1","Cancer Epi"
"CACATGACATCGACCG-1","Cancer Epi"
"CACATGAGTAGAGAGA-1","Cancer Epi"
"CACATGATCAGGCCGT-1","Cancer Epi"
"CACATGATCAGTCACA-1","Cancer Epi"
"CACATGATCCGATTGA-1","Cancer Epi"
"CACATGATCTTCACTA-1","Cancer Epi"
"CACCACTAGGACCGAT-1","Blood"
"CACCACTGTAGTAACA-1","Blood"
"CACCTTGCAACGTAGG-1","Cancer Epi"
"CACCTTGGTTATAGAG-1","Blood"
"CACGTTCCAAGCACTT-1","Cancer Epi"
"CACGTTCGTTTCGACA-1","Cancer Epi"
"CACGTTCTCGGGACAA-1","Cancer Epi"
"CACGTTCTCGGTCGAC-1","Blood"
"CACTAAGCAACGAGGT-1","Blood"
"CACTAAGCATCCATAG-1","Blood"
"CACTAAGTCGACCCGA-1","Blood"
"CACTGAACAAGCGAAC-1","Cancer Epi"
"CACTGAATCAGTGGTT-1","Blood"
"CACTGAATCTATAGGC-1","Cancer Epi"
"CACTGAATCTATCTCA-1","Cancer Epi"
"CAGCCTTCAATCATCG-1","Cancer Epi"
"CAGCCTTGTTTCGATG-1","Cancer Epi"
"CAGCTAAAGGTTACAA-1","Cancer Epi"
"CAGCTAACAGAGTCGA-1","Blood"
"CAGCTAATCGCAAACT-1","Cancer Epi"
"CAGGATTCAGGTGGTA-1","Cancer Epi"
"CAGGATTCATGATCGT-1","Blood"
"CAGGATTGTACTTCGA-1","Cancer Epi"
"CAGGATTGTCTGGTTA-1","Cancer Epi"
"CAGGGCTAGTCATCTG-1","Cancer Epi"
"CAGGGCTTCCTCCATG-1","Cancer Epi"
"CAGGGCTTCGACGGAA-1","Cancer Epi"
"CAGTGCGTCGCAACTA-1","Cancer Epi"
"CAGTGCGTCTATATCC-1","Cancer Epi"
"CAGTGCGTCTGGCTAA-1","Blood"
"CAGTGTAGTCAAGACG-1","Blood"
"CAGTGTAGTTGAATAG-1","Blood"
"CAGTGTATCCTCCATG-1","Cancer Epi"
"CAGTGTATCTCTGCGT-1","Blood"
"CATAACGCATTAACGC-1","Cancer Epi"
"CATAACGTCCACGGCA-1","Cancer Epi"
"CATAACGTCGATAGGG-1","Blood"
"CATAACGTCGCACCGA-1","Cancer Epi"
"CATAACGTCTATAGGC-1","Blood"
"CATGTTTAGACGTCAG-1","Blood"
"CATGTTTGTACTTCGA-1","Blood"
"CATGTTTGTAGAACGC-1","Cancer Epi"
"CATGTTTTCATGAACC-1","Blood"
"CATGTTTTCTAAGGTC-1","Cancer Epi"
"CATTCATAGGCTCCTG-1","Cancer Epi"
"CATTCATGTGCACCCA-1","Cancer Epi"
"CATTCATTCGACTTAG-1","Blood"
"CATTCATTCGTGGAAG-1","Cancer Epi"
"CATTCCGCAATGTAAG-1","Cancer Epi"
"CATTCCGCACCAAGGA-1","Cancer Epi"
"CATTCCGGTACCCACG-1","Blood"
"CATTCCGTCTTGTCAT-1","Blood"
"CATTGGATCTCTATTG-1","Blood"
"CCAATGACACCGTTGG-1","Blood"
"CCAATGATCTGTGTCC-1","Blood"
"CCACAGGCAAGATTAG-1","Blood"
"CCACAGGCACCTATTT-1","Cancer Epi"
"CCACAGGTCCATCATT-1","Blood"
"CCACGTTCAAGCAATA-1","Blood"
"CCACGTTGTATCTCAG-1","Cancer Epi"
"CCACGTTGTCCGTGCA-1","Blood"
"CCACGTTTCCGCTATC-1","Blood"
"CCAGATACAACTTGGT-1","Cancer Epi"
"CCAGATACACAAACGG-1","Blood"
"CCAGATATCGGTAGGA-1","Blood"
"CCATACCAGGGCTCTC-1","Cancer Epi"
"CCATACCTCCGATTGA-1","Blood"
"CCCACATCAATTCGTG-1","Cancer Epi"
"CCCACATCATCGTACA-1","Blood"
"CCCACATTCCGCGATG-1","Cancer Epi"
"CCCAGAGAGATTAGAC-1","Blood"
"CCCAGAGGTACGGTTT-1","Blood"
"CCCAGAGGTCGGCTGT-1","Blood"
"CCCAGAGTCGAGGTAG-1","Blood"
"CCCGTTAAGTCAACTC-1","Cancer Epi"
"CCCGTTACAATAGCGG-1","Blood"
"CCCGTTACATAGCCAT-1","Cancer Epi"
"CCCGTTATCGCGCTGA-1","Blood"
"CCCTAACAGGCTTAAA-1","Cancer Epi"
"CCCTAACCAATGACTC-1","Blood"
"CCCTAACGTCTGGTTA-1","Blood"
"CCCTAGTAGAGTAAGG-1","Cancer Epi"
"CCCTAGTCAGAACTTC-1","Cancer Epi"
"CCCTAGTGTGCGTCCA-1","Blood"
"CCCTCTCAGAGGCGGA-1","Cancer Epi"
"CCCTCTCAGAGTGGTC-1","Blood"
"CCCTCTCCAATGCACT-1","Cancer Epi"
"CCCTCTCCACACGGTC-1","Blood"
"CCCTCTCGTAACGGCA-1","Blood"
"CCCTCTCTCTATAGGC-1","Cancer Epi"
"CCCTGATAGACCATAA-1","Blood"
"CCCTGATAGGTACACG-1","Blood"
"CCCTGATGTTCAGTAC-1","Cancer Epi"
"CCCTGATTCGCGCTGA-1","Cancer Epi"
"CCGAAGCGTACGTAAA-1","Cancer Epi"
"CCGAAGCTCGGATGTT-1","Blood"
"CCGCATTCAATGGCAG-1","Cancer Epi"
"CCGTACTAGGATGCCA-1","Blood"
"CCGTACTCATGGTATC-1","Blood"
"CCGTAGGCAATGAAAC-1","Cancer Epi"
"CCGTAGGCATCGGCCA-1","Cancer Epi"
"CCGTGAGCATCTCTCG-1","Cancer Epi"
"CCGTGAGCATGCTATG-1","Cancer Epi"
"CCGTGAGGTAAGCCTT-1","Blood"
"CCGTGAGGTCAACTAC-1","Cancer Epi"
"CCGTGAGTCGATCGCG-1","Cancer Epi"
"CCTAAAGAGTCGGGAT-1","Cancer Epi"
"CCTAAAGGTTCTGAGT-1","Cancer Epi"
"CCTATTATCCAACGCG-1","Cancer Epi"
"CCTATTATCTCTATCA-1","Cancer Epi"
"CCTCCCTAGATCCGAG-1","Cancer Epi"
"CCTCCCTAGATCTCAC-1","Cancer Epi"
"CCTCCCTTCACCGCGA-1","Cancer Epi"
"CCTCCCTTCGGATAGG-1","Blood"
"CCTCCCTTCTCTTCCT-1","Blood"
"CCTGCTACACGCCGAT-1","Cancer Epi"
"CCTGCTAGTATCAGCT-1","Cancer Epi"
"CCTGCTATCTATTTCG-1","Blood"
"CCTGCTATCTTCCAGC-1","Cancer Epi"
"CCTGGGAAGTTCGCGC-1","Cancer Epi"
"CCTGGGACACCGAAAG-1","Blood"
"CCTGGGAGTAGCGGTA-1","Cancer Epi"
"CCTGGGATCTTACCTA-1","Cancer Epi"
"CCTGGGATCTTATCAC-1","Cancer Epi"
"CCTTAATCAGAGTCGA-1","Cancer Epi"
"CCTTGCACATCGGCCA-1","Blood"
"CCTTGCATCCTCTCTT-1","Cancer Epi"
"CCTTGGTAGCATGTGG-1","Blood"
"CCTTGGTAGTTCCCGG-1","Blood"
"CCTTGGTCAACGTACT-1","Blood"
"CGAGTTAAGAGCGAAA-1","Cancer Epi"
"CGAGTTACACTCCACT-1","Cancer Epi"
"CGATGATGTAATGTGA-1","Cancer Epi"
"CGATGATGTCTCAAAC-1","Blood"
"CGATGATGTTCTGAAC-1","Blood"
"CGATGATTCATTCGGA-1","Cancer Epi"
"CGCAATAAGCTCGGCT-1","Blood"
"CGCAATACATGGTATC-1","Cancer Epi"
"CGCAATATCGCAGATT-1","Cancer Epi"
"CGCACAGAGCATGTGG-1","Blood"
"CGCAGGTAGAACTAAC-1","Blood"
"CGCAGGTCACCACGAC-1","Blood"
"CGCAGGTCATTACACG-1","Cancer Epi"
"CGCGCAAAGACTTCCA-1","Cancer Epi"
"CGCGCAAAGTCAACTC-1","Cancer Epi"
"CGCGCAAGTAAAGGCC-1","Cancer Epi"
"CGCTAGGAGTAGCAAT-1","Cancer Epi"
"CGCTAGGCAGATTGTC-1","Cancer Epi"
"CGCTAGGGTTCTTATC-1","Blood"
"CGCTATCAGAAAGCAG-1","Blood"
"CGCTATCAGTCCGGAA-1","Blood"
"CGCTATCCAAGCAATA-1","Cancer Epi"
"CGCTATCTCGTGCTTC-1","Cancer Epi"
"CGCTGGAAGAATCAGT-1","Blood"
"CGCTGGAAGCATTCCA-1","Cancer Epi"
"CGCTGGAAGTGCAACG-1","Blood"
"CGCTGGAGTAAACGGC-1","Cancer Epi"
"CGGACCACAGGTTATC-1","Blood"
"CGGACCATCGATTACG-1","Cancer Epi"
"CGGACCATCGGTCTCT-1","Cancer Epi"
"CGGACTGAGGTCTTTG-1","Blood"
"CGGACTGGTAGAATAC-1","Blood"
"CGGTGCAAGTGAGCAC-1","Blood"
"CGGTGCACATCTCACC-1","Cancer Epi"
"CGGTGCAGTAACCCAT-1","Cancer Epi"
"CGGTGCAGTTCCCGGA-1","Blood"
"CGGTGCATCCGTGCAG-1","Blood"
"CGTAAACGTCGGCTGT-1","Cancer Epi"
"CGTAAACGTGTTTCTT-1","Cancer Epi"
"CGTACAACATTAACGC-1","Cancer Epi"
"CGTTCCAAGCCATTCA-1","Cancer Epi"
"CGTTCCACATGGGACA-1","Cancer Epi"
"CGTTCCAGTTAGGCTT-1","Cancer Epi"
"CGTTCCATCGGCAATT-1","Cancer Epi"
"CTAACTTGTGGATTTC-1","Blood"
"CTAACTTTCATCGCTC-1","Blood"
"CTACAGACATCTCTCG-1","Blood"
"CTACTTAAGAGGCAGG-1","Blood"
"CTACTTAAGTACCACT-1","Cancer Epi"
"CTACTTAAGTTCCCGG-1","Cancer Epi"
"CTACTTACACTGTAAC-1","Cancer Epi"
"CTACTTATCACGTGTA-1","Blood"
"CTAGCGGAGTCTCGAT-1","Cancer Epi"
"CTAGGATAGCAACGGT-1","Cancer Epi"
"CTAGGATAGGCGATTG-1","Blood"
"CTAGGATTCGAGGTAG-1","Cancer Epi"
"CTAGGGCTCAGTTGAC-1","Cancer Epi"
"CTAGGGCTCGGATAAA-1","Blood"
"CTCAACCCATAGACGG-1","Cancer Epi"
"CTCAACCTCGGTCGAC-1","Cancer Epi"
"CTCACCAGTCTGCACG-1","Cancer Epi"
"CTCAGAACAAGGCTTT-1","Blood"
"CTCAGCTCAAGTCCTA-1","Cancer Epi"
"CTCATGCAGAACGTTA-1","Blood"
"CTCATGCTCACCGCGA-1","Cancer Epi"
"CTCATGCTCTCGCGGA-1","Blood"
"CTCCCAAGTTTCTCTA-1","Cancer Epi"
"CTCGCTAAGACCATAA-1","Cancer Epi"
"CTCGCTAGTGCAGACA-1","Cancer Epi"
"CTCGCTAGTGCTTACA-1","Blood"
"CTCGCTATCACTTACT-1","Blood"
"CTCTACGCATCGAGTT-1","Cancer Epi"
"CTCTAGCAGTACGACG-1","Cancer Epi"
"CTCTAGCGTGTCCCAG-1","Cancer Epi"
"CTCTAGCTCCTCAAGA-1","Blood"
"CTCTCAGAGTTCAAGA-1","Cancer Epi"
"CTCTCAGCATCGACCG-1","Blood"
"CTCTCGAAGAGGCCTA-1","Blood"
"CTCTCGAAGTCACGCC-1","Cancer Epi"
"CTCTCGATCACCACAA-1","Cancer Epi"
"CTCTCGATCGGTGATT-1","Cancer Epi"
"CTCTCGATCTGTCGTC-1","Cancer Epi"
"CTGAATGGTATTCGAC-1","Blood"
"CTGAATGGTCCCGAGT-1","Blood"
"CTGAATGGTGCGTCCA-1","Blood"
"CTGAATGTCCTTACGC-1","Blood"
"CTGCGTTGTACGGTTT-1","Cancer Epi"
"CTGCGTTGTTCATTTC-1","Cancer Epi"
"CTGCTCAAGTTGCGCC-1","Cancer Epi"
"CTGCTCACACATTGCA-1","Cancer Epi"
"CTGGCAGGTTCACGTA-1","Blood"
"CTGGGACCAAGGAGTC-1","Cancer Epi"
"CTGGGACTCCCAATGA-1","Cancer Epi"
"CTGGGACTCTGATCCC-1","Cancer Epi"
"CTGTATTTCCTCCATG-1","Cancer Epi"
"CTGTATTTCTGGCGCA-1","Blood"
"CTGTTCGAGGGTGTTG-1","Cancer Epi"
"CTGTTCGCACATTGCA-1","Cancer Epi"
"CTGTTCGCAGCGTCGT-1","Cancer Epi"
"CTGTTCGGTCCCTAAA-1","Cancer Epi"
"CTTAATCAGCCATCAT-1","Blood"
"CTTAATCGTCGCGCTA-1","Cancer Epi"
"CTTAATCTCCAAACCA-1","Blood"
"CTTCCAGCAACGGACA-1","Cancer Epi"
"CTTCTAAAGCCTTTGA-1","Blood"
"CTTGAAGCAGATTAAG-1","Blood"
"CTTGAAGGTGGTAGAC-1","Cancer Epi"
"CTTGAAGGTTGGAGGT-1","Cancer Epi"
"CTTGAAGTCTGAGTCA-1","Blood"
"CTTGAAGTCTGATCCC-1","Cancer Epi"
"CTTGCCAAGTTACCAC-1","Cancer Epi"
"CTTGCCACAGGGCTTC-1","Blood"
"CTTGCCATCTCTGAGA-1","Cancer Epi"
"CTTGCCATCTTCCACG-1","Cancer Epi"
"CTTGCTGGTCCAACCG-1","Blood"
"CTTGCTGTCTCGACAA-1","Cancer Epi"
"CTTGTCGAGCAACTGG-1","Blood"
"CTTGTCGCACTTACAG-1","Blood"
"CTTGTCGTCCTTTGCG-1","Blood"
"CTTTGCGAGATCGCCC-1","Cancer Epi"
"CTTTGCGGTGCACTTA-1","Blood"
"CTTTGCGTCAGAACGG-1","Cancer Epi"
"CTTTGCGTCGACTTAG-1","Blood"
"GAAACAAAGCTCCGGT-1","Blood"
"GAAACAAAGTTCCCGG-1","Blood"
"GAAACAATCAGTCTTT-1","Blood"
"GAAAGTACAAAGAGAG-1","Blood"
"GAAAGTACATATACGC-1","Cancer Epi"
"GAAATGAAGGCTCCTG-1","Blood"
"GAAATGAAGGGACGTT-1","Blood"
"GAAATGAAGTGGTGTG-1","Blood"
"GAAATGACAAGACTAA-1","Blood"
"GAAATGAGTAATGTGA-1","Blood"
"GAACCGCAGGAATGGA-1","Cancer Epi"
"GAACCGCAGGTAAGCC-1","Cancer Epi"
"GAACCGCAGTGCCCTG-1","Blood"
"GAACCGCGTAGTGATA-1","Cancer Epi"
"GAACCGCTCGCCTTAC-1","Cancer Epi"
"GAACCGCTCTGGCACG-1","Cancer Epi"
"GAACCTAAGCTCCATA-1","Cancer Epi"
"GAACCTAAGTCTCCAA-1","Cancer Epi"
"GAACCTATCACGTGTA-1","Cancer Epi"
"GAACCTATCTTGCGCT-1","Cancer Epi"
"GAACGTTAGTGCAACG-1","Blood"
"GAACGTTCACCGAATT-1","Cancer Epi"
"GAACTTGGTTAACCAC-1","Blood"
"GAAGAGCAGCTGAATA-1","Cancer Epi"
"GAAGAGCCAAGATGCG-1","Cancer Epi"
"GAAGAGCGTTGAAGCG-1","Blood"
"GAAGAGCTCCGCTCTA-1","Cancer Epi"
"GAAGTCTAGATGCGAC-1","Cancer Epi"
"GAAGTCTCAGAAAGAG-1","Cancer Epi"
"GAAGTCTTCCAAACCA-1","Blood"
"GAAGTCTTCCATTGTT-1","Cancer Epi"
"GAAGTCTTCCCAGCGA-1","Blood"
"GAAGTGGAGTTACCAC-1","Blood"
"GAATCTGAGGAAACTT-1","Cancer Epi"
"GAATCTGCAATTCGTG-1","Blood"
"GAATCTGCAGTAGGCA-1","Cancer Epi"
"GAATCTGGTCAGAAGC-1","Cancer Epi"
"GAATCTGTCTCTTAAC-1","Cancer Epi"
"GACCAATGTCATTGGT-1","Blood"
"GACCAATGTGACAAGC-1","Cancer Epi"
"GACCCAGAGAGAATTC-1","Blood"
"GACCCAGAGGCAAGGG-1","Blood"
"GACCGACAGAACGTCG-1","Blood"
"GACCGACAGAGAGTTT-1","Blood"
"GACCGACAGTTCAAGA-1","Cancer Epi"
"GACCGACTCAGGATCT-1","Cancer Epi"
"GACCGACTCGTCCCTA-1","Cancer Epi"
"GACCGACTCTACATCT-1","Cancer Epi"
"GACCTTCAGATAGGTT-1","Blood"
"GACCTTCGTAACCATC-1","Cancer Epi"
"GACCTTCGTATGTTCG-1","Blood"
"GACCTTCGTTACGCTA-1","Cancer Epi"
"GACCTTCGTTGGCTAT-1","Cancer Epi"
"GACCTTCTCTGTTGCC-1","Blood"
"GACTAACCAGATACAA-1","Blood"
"GACTAACTCAAGTTGC-1","Blood"
"GACTAACTCTGTTTAC-1","Blood"
"GACTAGTGTCAGTGCC-1","Cancer Epi"
"GACTAGTTCTATCCTA-1","Blood"
"GAGAACGCACAACGGA-1","Cancer Epi"
"GAGACTTAGATTAGAC-1","Blood"
"GAGACTTTCTTCAGAG-1","Cancer Epi"
"GAGATTCAGGCAGTGT-1","Cancer Epi"
"GAGATTCAGTAGGAAG-1","Cancer Epi"
"GAGATTCCATCATGTG-1","Cancer Epi"
"GAGATTCGTTGTCGGC-1","Blood"
"GAGATTCTCTTGTCAT-1","Cancer Epi"
"GAGCATTCAACGACAG-1","Blood"
"GAGCATTCACCGATCG-1","Blood"
"GAGCATTTCCAACAAC-1","Blood"
"GAGCGCTCAAAGCTGG-1","Blood"
"GAGCGCTGTTAACTCG-1","Cancer Epi"
"GAGGATGCACGACGAA-1","Blood"
"GAGGCTCAGGCTCCTG-1","Cancer Epi"
"GAGGCTCTCGGCATAT-1","Blood"
"GAGGTCCAGTTCCAGT-1","Cancer Epi"
"GAGGTCCGTACTAGAA-1","Cancer Epi"
"GAGGTCCGTTGAAGCG-1","Cancer Epi"
"GAGGTCCTCTATCTCA-1","Blood"
"GAGTGAGAGTTTACGC-1","Blood"
"GAGTGAGGTGGCCTTG-1","Cancer Epi"
"GAGTGAGGTTGCCTGG-1","Cancer Epi"
"GATCATGAGATGGCAC-1","Blood"
"GATCATGAGTACAACA-1","Blood"
"GATCATGCAAGCGAAC-1","Cancer Epi"
"GATCATGCACATTCTT-1","Blood"
"GATCATGGTGCCCTAG-1","Cancer Epi"
"GATCATGTCAGTCACA-1","Cancer Epi"
"GATCATGTCGTATAGC-1","Blood"
"GATCGTAAGGGTAATT-1","Blood"
"GATCGTAAGTGGGACT-1","Cancer Epi"
"GATCGTACACCATTCC-1","Cancer Epi"
"GATCGTATCGACTCGG-1","Blood"
"GATGATCAGACTTCCA-1","Blood"
"GATGATCCAGTATACC-1","Cancer Epi"
"GATGGCCGTCAGCAAG-1","Cancer Epi"
"GATGGCCGTTATGCAC-1","Blood"
"GATGGCCTCTGAGTAC-1","Blood"
"GATTAGCGTGGACTGA-1","Blood"
"GATTAGCGTTACACTG-1","Cancer Epi"
"GATTAGCGTTGGCGAA-1","Cancer Epi"
"GATTAGCTCACGGGTC-1","Blood"
"GATTAGCTCTTTCGAT-1","Cancer Epi"
"GCAAAGGAGGTGATGC-1","Cancer Epi"
"GCAAAGGCAAGTCTCA-1","Blood"
"GCAAAGGCAATGACTC-1","Cancer Epi"
"GCAAAGGTCTTCAGAG-1","Blood"
"GCAACCGAGTCCTTCC-1","Blood"
"GCAACCGCACGACGAA-1","Blood"
"GCAACCGGTAGACACG-1","Cancer Epi"
"GCACCTTAGGTTACAA-1","Blood"
"GCACCTTAGTCCGTGC-1","Blood"
"GCACCTTCAGGGTACA-1","Cancer Epi"
"GCACCTTGTTCCGCGA-1","Blood"
"GCACCTTTCACCCGGA-1","Cancer Epi"
"GCACCTTTCTCGACCT-1","Cancer Epi"
"GCACCTTTCTGGGCGT-1","Blood"
"GCACGCATCTACTTTG-1","Cancer Epi"
"GCAGATTTCGATCTTT-1","Blood"
"GCAGCCAAGCTAGCAG-1","Blood"
"GCAGCCAAGGGTCTGA-1","Cancer Epi"
"GCAGCCACAAGAAACT-1","Cancer Epi"
"GCAGCCACAGGGTACA-1","Blood"
"GCAGCCAGTTGTGACT-1","Cancer Epi"
"GCAGCTGAGATTGACA-1","Cancer Epi"
"GCAGCTGTCCCTATTA-1","Blood"
"GCAGCTGTCTTCATAC-1","Blood"
"GCATGATTCAGTCAAC-1","Blood"
"GCATTCCAGCAGTAGC-1","Cancer Epi"
"GCATTCCAGCTCGTTA-1","Blood"
"GCATTCCAGGAATGGA-1","Blood"
"GCATTCCGTTTCGACA-1","Blood"
"GCATTGAGTTAACCAC-1","Blood"
"GCCAGACTCCATTGAG-1","Cancer Epi"
"GCCAGACTCGCCGAAC-1","Cancer Epi"
"GCCAGCAGTCACCCGA-1","Cancer Epi"
"GCCAGCAGTTCCTATT-1","Blood"
"GCCAGCATCACTGATG-1","Cancer Epi"
"GCCATAAGTTTGTGAC-1","Cancer Epi"
"GCCCAGAAGATCGCCC-1","Blood"
"GCCCGAAAGGGTATCG-1","Cancer Epi"
"GCCCGAACAGAGATGC-1","Cancer Epi"
"GCCCGAAGTAGAATAC-1","Cancer Epi"
"GCCCGAAGTCTGTGTA-1","Blood"
"GCCTACTGTGAAACAT-1","Blood"
"GCCTACTTCACGATTG-1","Cancer Epi"
"GCCTACTTCCCGCAAG-1","Cancer Epi"
"GCCTACTTCGATGCAT-1","Cancer Epi"
"GCCTAGGCAGGTGTCC-1","Cancer Epi"
"GCCTAGGTCACTACCC-1","Cancer Epi"
"GCGAGAAGTTAGCTCA-1","Cancer Epi"
"GCGAGAAGTTCTACGA-1","Cancer Epi"
"GCGAGTCGTAGCCATT-1","Cancer Epi"
"GCGAGTCTCCATCGAA-1","Blood"
"GCGATCGCAGGAGCAT-1","Cancer Epi"
"GCGATCGGTCACTCTC-1","Blood"
"GCGATTAAGAGCACTG-1","Cancer Epi"
"GCGATTAAGTAATCAG-1","Blood"
"GCGATTACAAGCGACA-1","Cancer Epi"
"GCGATTACAAGGAACC-1","Cancer Epi"
"GCGATTACATGGGACA-1","Cancer Epi"
"GCGCATGAGGTACTCT-1","Cancer Epi"
"GCGCATGCACTTATGG-1","Cancer Epi"
"GCGCATGTCCGCTCTA-1","Blood"
"GCGCCAAAGAGCTACG-1","Blood"
"GCGCCAAAGGTTGACG-1","Cancer Epi"
"GCGCCAAAGTAGAAGG-1","Blood"
"GCGCCAACATCGACCG-1","Cancer Epi"
"GCGCCAAGTAATGTAG-1","Blood"
"GCGCCAAGTTCCAATG-1","Cancer Epi"
"GCGGAAAGTGCTGAAG-1","Blood"
"GCGGAAATCAAAGTAG-1","Cancer Epi"
"GCGGAAATCTATGAGC-1","Cancer Epi"
"GCGGTGTAGAAATACC-1","Cancer Epi"
"GCGGTGTAGTGCAACG-1","Blood"
"GCGGTGTCAGCTATAC-1","Cancer Epi"
"GCGGTGTGTGAGTCGA-1","Cancer Epi"
"GCGGTGTGTGGTAAGC-1","Blood"
"GCGGTGTGTTGTCGGC-1","Cancer Epi"
"GCGTAGCCAGTAGTTC-1","Cancer Epi"
"GCGTAGCCATTTGGTG-1","Cancer Epi"
"GCGTTGGAGCAAGGTC-1","Blood"
"GCGTTGGGTAGATGAT-1","Cancer Epi"
"GCGTTGGGTATCCCTC-1","Cancer Epi"
"GCTCACTAGCTTCAAC-1","Cancer Epi"
"GCTCACTCAGCGTACC-1","Cancer Epi"
"GCTCACTTCAAGAGGC-1","Cancer Epi"
"GCTCACTTCAGTGTAC-1","Blood"
"GCTCACTTCTTGTACT-1","Cancer Epi"
"GCTCAGGCACGCGCAT-1","Blood"
"GCTCAGGCAGCAAACG-1","Cancer Epi"
"GCTCCTAAGCTAGCAG-1","Cancer Epi"
"GCTCCTACAAAGCTGG-1","Cancer Epi"
"GCTCCTACAACTACTG-1","Blood"
"GCTCCTACAGCGTCGT-1","Blood"
"GCTCCTAGTCCATTGA-1","Cancer Epi"
"GCTCCTATCCACCTAC-1","Cancer Epi"
"GCTCCTATCCTGACCT-1","Blood"
"GCTCGAGAGTCTCTAG-1","Cancer Epi"
"GCTCGAGTCATGTTCT-1","Cancer Epi"
"GCTCGAGTCCATGACA-1","Cancer Epi"
"GCTCGAGTCGCTCTAC-1","Blood"
"GCTCGAGTCTAGTCGA-1","Blood"
"GCTGAGCAGTTCTCCC-1","Cancer Epi"
"GCTGAGCCACTAGGAG-1","Cancer Epi"
"GCTGAGCCAGTAACCT-1","Blood"
"GCTGAGCCATTTCACT-1","Blood"
"GCTGCGAAGAACGCCA-1","Blood"
"GCTGTTCAGGAAGAAC-1","Blood"
"GCTGTTCGTGTTGGTT-1","Cancer Epi"
"GCTGTTCTCCGATGCG-1","Blood"
"GCTTAAGAGCGATACG-1","Blood"
"GCTTAAGAGGATATCA-1","Blood"
"GCTTAAGCAAATTCCG-1","Blood"
"GCTTAAGGTGAATGTA-1","Blood"
"GCTTAAGTCTCCACTG-1","Cancer Epi"
"GCTTAAGTCTGCGTCT-1","Cancer Epi"
"GCTTAAGTCTGCTACC-1","Blood"
"GCTTGCTGTAAGCCGA-1","Blood"
"GCTTGCTGTGAGTAAT-1","Blood"
"GCTTGCTTCCCGATTC-1","Cancer Epi"
"GCTTTCGAGAAGGGCG-1","Cancer Epi"
"GCTTTCGGTGGACGAT-1","Cancer Epi"
"GCTTTCGTCACTGGTA-1","Cancer Epi"
"GCTTTCGTCGGAAAGC-1","Cancer Epi"
"GGAACCCAGCGAGCTA-1","Blood"
"GGAACCCCAAGCAGGT-1","Cancer Epi"
"GGAACCCCAATCCATG-1","Blood"
"GGAACCCCAGTAACCT-1","Cancer Epi"
"GGAACTTAGTAATCAG-1","Blood"
"GGAACTTGTAAGTGCG-1","Cancer Epi"
"GGAACTTGTGACAAGC-1","Cancer Epi"
"GGAACTTTCGTCAACA-1","Blood"
"GGAACTTTCTATACCT-1","Blood"
"GGAATCTTCTAGCAAC-1","Blood"
"GGACACCAGGGTCTGA-1","Cancer Epi"
"GGACACCAGTTAGCAA-1","Blood"
"GGACACCCAATGTAAG-1","Cancer Epi"
"GGACACCCACTGCTCT-1","Cancer Epi"
"GGACACCCAGTCAGCC-1","Cancer Epi"
"GGACACCTCCGATGCG-1","Cancer Epi"
"GGACACCTCGATGTGT-1","Blood"
"GGACACCTCTTAGTGG-1","Blood"
"GGAGAACCACACATTG-1","Cancer Epi"
"GGAGAACCAGTAGGCA-1","Blood"
"GGAGGATGTTTAGAAG-1","Cancer Epi"
"GGAGGATTCACTGGTA-1","Cancer Epi"
"GGAGGATTCATGCTTT-1","Blood"
"GGAGTAGAGAATATCG-1","Cancer Epi"
"GGAGTAGTCACTCCCA-1","Cancer Epi"
"GGAGTAGTCGGGCTCA-1","Cancer Epi"
"GGATAGGAGAATACTG-1","Blood"
"GGATAGGCACTACACA-1","Blood"
"GGATAGGTCAACGTGT-1","Blood"
"GGATGAGTCTCGACAA-1","Blood"
"GGCACGTAGAGGTGGG-1","Blood"
"GGCACGTCAAGCGAAC-1","Cancer Epi"
"GGCACGTCACTCAAGT-1","Blood"
"GGCACGTTCTATGAGC-1","Blood"
"GGCATTAAGATCTCAC-1","Cancer Epi"
"GGCATTAAGTAGACCG-1","Blood"
"GGCATTACACTGAAGG-1","Cancer Epi"
"GGCGAAAAGCTCGGCT-1","Blood"
"GGCGAAACAGCTGATT-1","Cancer Epi"
"GGCGAAATCAGTCTTT-1","Blood"
"GGCGAAATCCACACCT-1","Blood"
"GGCGTTGAGCTATCGT-1","Blood"
"GGCGTTGCAAGCCAGA-1","Cancer Epi"
"GGCGTTGGTCATAAGA-1","Cancer Epi"
"GGCGTTGGTGATTCCA-1","Blood"
"GGCGTTGGTGGCCTTG-1","Cancer Epi"
"GGGAACAAGATCGAGC-1","Cancer Epi"
"GGGAACAGTCTGTCCT-1","Cancer Epi"
"GGGAACAGTTCTTTGT-1","Blood"
"GGGAACATCCGATGCG-1","Blood"
"GGGACCTTCCAATCCC-1","Blood"
"GGGACCTTCCACACCT-1","Cancer Epi"
"GGGACCTTCGAGCGCT-1","Cancer Epi"
"GGGCCATAGGCAATTA-1","Blood"
"GGGCCATCAGGCTACC-1","Cancer Epi"
"GGGCCATCATTACTTC-1","Blood"
"GGGTCTGAGTCATCTG-1","Cancer Epi"
"GGGTCTGGTGATCAGG-1","Cancer Epi"
"GGGTGTCCACTGTCGG-1","Cancer Epi"
"GGGTTATAGCCGCAAA-1","Cancer Epi"
"GGGTTATCAAGGCTTT-1","Blood"
"GGGTTATGTCGAGGTA-1","Cancer Epi"
"GGGTTATTCCACTAGA-1","Cancer Epi"
"GGGTTATTCCCGAAGC-1","Blood"
"GGGTTATTCTCGTAGA-1","Cancer Epi"
"GGTACCGTCTTGTGCC-1","Cancer Epi"
"GGTCATACATCGGCTG-1","Cancer Epi"
"GGTGAAGAGTGTTCCA-1","Cancer Epi"
"GGTGAAGTCGACTTAG-1","Blood"
"GGTGCTGTCTAGTCGA-1","Cancer Epi"
"GGTGTCGAGTCTAGAA-1","Cancer Epi"
"GGTGTCGGTATTGTGC-1","Cancer Epi"
"GGTGTCGGTGGTGGTA-1","Cancer Epi"
"GGTGTCGTCCGAATTG-1","Cancer Epi"
"GGTTGCGAGGTGTTGG-1","Cancer Epi"
"GGTTGCGCAACCTCTC-1","Blood"
"GGTTGCGCAGTAACGG-1","Cancer Epi"
"GTAATCGAGTTCGCGC-1","Cancer Epi"
"GTAATCGGTCACAGTT-1","Cancer Epi"
"GTACTTTAGCAGAGCT-1","Cancer Epi"
"GTACTTTTCGCGATGC-1","Cancer Epi"
"GTACTTTTCGTTGTAG-1","Cancer Epi"
"GTAGACTCAGTGCGAA-1","Blood"
"GTAGACTTCTGATCCC-1","Blood"
"GTAGGAGAGAAATGGG-1","Blood"
"GTAGGAGCAATTCAGC-1","Cancer Epi"
"GTAGGAGTCCGGCTGA-1","Blood"
"GTAGTACTCCGAGAGA-1","Cancer Epi"
"GTCACAAAGCGTCTGC-1","Blood"
"GTCACAAAGGGCTTCC-1","Cancer Epi"
"GTCACAACACGGTTAT-1","Blood"
"GTCACAACATAGCAGG-1","Blood"
"GTCACAACATGTATCG-1","Cancer Epi"
"GTCACAAGTAAACGAT-1","Blood"
"GTCACAATCTCTTCCT-1","Cancer Epi"
"GTCACAATCTGCCGAG-1","Blood"
"GTCACCTCATTACTTC-1","Blood"
"GTCACCTGTTCTGATG-1","Cancer Epi"
"GTCACCTTCGAGCGCT-1","Blood"
"GTCACGGAGATCTAAG-1","Blood"
"GTCACGGAGCTGCCAC-1","Blood"
"GTCACGGCACTTGCGG-1","Cancer Epi"
"GTCACGGCATTCACCC-1","Cancer Epi"
"GTCACGGTCTCTGCGT-1","Blood"
"GTCACTCAGAGAAGCA-1","Blood"
"GTCACTCCACGCTAAT-1","Cancer Epi"
"GTCACTCTCGGGTCCA-1","Cancer Epi"
"GTCCATCGTGCTTGAT-1","Blood"
"GTCCATCTCCTTTGCG-1","Blood"
"GTCGTAACACAACGGA-1","Blood"
"GTCGTAAGTGGCCTCA-1","Cancer Epi"
"GTCGTAAGTTCCTGTC-1","Blood"
"GTCTACCTCTCTATTG-1","Blood"
"GTGACATAGTCGAAAT-1","Blood"
"GTGACATGTCAGTGCC-1","Cancer Epi"
"GTGACATGTGAGGGTT-1","Cancer Epi"
"GTGACATTCAGGTCTA-1","Cancer Epi"
"GTGATCACAGGTAACG-1","Blood"
"GTGATCAGTCCCTAAA-1","Cancer Epi"
"GTGCACGAGCTATCGT-1","Blood"
"GTGCACGCAAGCAGGT-1","Cancer Epi"
"GTGCACGCAAGTAATG-1","Blood"
"GTGCACGCACAAACAA-1","Cancer Epi"
"GTGCACGGTAAACGAT-1","Cancer Epi"
"GTGCACGTCCTCCATG-1","Blood"
"GTGCCAGAGTATACGA-1","Blood"
"GTGCCAGAGTCAGCCC-1","Cancer Epi"
"GTGCCAGAGTGTCGGA-1","Blood"
"GTGCCAGGTCTGGGCT-1","Cancer Epi"
"GTGCCAGTCCAATCCC-1","Blood"
"GTGCCAGTCCTCATTA-1","Cancer Epi"
"GTGCTGGAGCTATCCA-1","Cancer Epi"
"GTGCTGGAGCTCCGGT-1","Blood"
"GTGCTGGCAAGCCCTG-1","Blood"
"GTGCTGGCATGCGCTG-1","Cancer Epi"
"GTGCTGGGTTCTTTCA-1","Cancer Epi"
"GTGCTGGTCGAGTTAC-1","Blood"
"GTGCTGGTCGTATAGC-1","Blood"
"GTGGATTGTATCTAGC-1","Cancer Epi"
"GTGGCGTAGTGAGTGC-1","Cancer Epi"
"GTGGCGTTCTATACCT-1","Blood"
"GTGTCAAGTCCGTCGA-1","Cancer Epi"
"GTGTCAAGTTACGCTA-1","Blood"
"GTGTCCTCATGCGCTG-1","Cancer Epi"
"GTGTCCTGTCATAAGA-1","Blood"
"GTGTGATGTAACGTAA-1","Blood"
"GTGTGATGTAGCGTTT-1","Cancer Epi"
"GTGTGATGTCAAACAA-1","Blood"
"GTGTGATGTCTGCGCA-1","Cancer Epi"
"GTGTGATTCCATGACA-1","Blood"
"GTGTGATTCCGCTCTA-1","Cancer Epi"
"GTGTGATTCGAGTTAC-1","Cancer Epi"
"GTTACGACACCCATCT-1","Cancer Epi"
"GTTACGACACGTTACA-1","Cancer Epi"
"GTTACGAGTCCCTAAA-1","Cancer Epi"
"GTTACGAGTGATAACA-1","Blood"
"GTTACGAGTGCACATT-1","Cancer Epi"
"GTTACGATCGAGAAGC-1","Cancer Epi"
"GTTACTTCAACGGGTA-1","Cancer Epi"
"GTTACTTGTGCTAGTT-1","Blood"
"GTTACTTGTGTTAGAA-1","Cancer Epi"
"GTTACTTTCGATGAAA-1","Blood"
"GTTACTTTCTCTGTTA-1","Blood"
"GTTATGGAGGATGTAT-1","Cancer Epi"
"GTTATTCTCGGGACAA-1","Cancer Epi"
"GTTCAAGCAGTTAAAG-1","Cancer Epi"
"GTTCAAGCAGTTGGAG-1","Blood"
"GTTGGGCCAGATTTGC-1","Cancer Epi"
"GTTGGGCGTTTAGACC-1","Cancer Epi"
"GTTGGTAAGGATGTCG-1","Blood"
"GTTGGTACATAGTCCA-1","Cancer Epi"
"GTTGGTAGTGCGTCCA-1","Blood"
"GTTGGTATCAAACCCA-1","Blood"
"GTTGGTATCGCATACA-1","Blood"
"GTTGGTATCTGACTTT-1","Blood"
"TAAACCGAGCTACGTT-1","Cancer Epi"
"TAACAGCAGTTAGAGT-1","Cancer Epi"
"TAACAGCCATAGGCGA-1","Blood"
"TAACAGCCATCCCAAA-1","Blood"
"TAACAGCCATTCACGA-1","Blood"
"TAACAGCCATTGCGAT-1","Blood"
"TAACAGCGTGCATCAT-1","Blood"
"TAACAGCGTTGTCGGC-1","Cancer Epi"
"TAACAGCGTTTCACCC-1","Cancer Epi"
"TAACGGTCATGGTATC-1","Cancer Epi"
"TAACGGTTCACTACCC-1","Cancer Epi"
"TAACGGTTCTCGCGGA-1","Cancer Epi"
"TAACTTCCAACGCAAG-1","Blood"
"TAAGCCAAGTTCGACT-1","Blood"
"TAAGCCACAACGGGTA-1","Blood"
"TAAGTGCAGAACTAAC-1","Blood"
"TAATTCCGTGCTTACA-1","Blood"
"TAATTCCTCAGTGTGT-1","Blood"
"TACAGCAAGGTTCGTT-1","Cancer Epi"
"TACAGCACAGGTTATC-1","Blood"
"TACAGCATCGTATAGC-1","Blood"
"TACATGGAGTAATGTG-1","Cancer Epi"
"TACATGGTCCCACGGA-1","Cancer Epi"
"TACATGGTCTGTAGAC-1","Blood"
"TACATTCAGAATATCG-1","Cancer Epi"
"TACATTCCACAGTTCA-1","Blood"
"TACCCTGCACAGGAAC-1","Cancer Epi"
"TACCTATCAACAACTC-1","Cancer Epi"
"TACCTATTCGTGGGTC-1","Cancer Epi"
"TACCTCGAGCTTCAAC-1","Blood"
"TACCTCGAGTCACGCC-1","Blood"
"TACCTCGGTCAGAGTG-1","Cancer Epi"
"TACCTCGTCAGTCACA-1","Cancer Epi"
"TACGCAAAGCTCGTTA-1","Cancer Epi"
"TACGCAAAGTATAGTG-1","Cancer Epi"
"TACGCAAAGTCGACCC-1","Blood"
"TACGCAAGTTACGAAA-1","Blood"
"TACGCAAGTTGTATCG-1","Cancer Epi"
"TACGCAATCGGACGAA-1","Blood"
"TACGCCTGTAAACGAT-1","Blood"
"TACGCCTTCAAGGCCC-1","Blood"
"TACGGATCAAATAGTG-1","Cancer Epi"
"TACGGATGTAACTCCA-1","Cancer Epi"
"TACGGATTCACTCGGG-1","Blood"
"TACGGATTCTACATCT-1","Blood"
"TACTAGGAGTTCCCGG-1","Blood"
"TACTAGGCACTGCTCT-1","Blood"
"TACTAGGTCTATTGTC-1","Blood"
"TACTCGCGTTAAGGGC-1","Cancer Epi"
"TACTCGCTCATTCTCA-1","Cancer Epi"
"TACTGCCAGGTCTTGT-1","Cancer Epi"
"TACTGCCCATTGAACC-1","Cancer Epi"
"TACTGCCGTACAAATG-1","Cancer Epi"
"TACTGCCTCTCGCGTT-1","Blood"
"TAGACTGAGAGTTCGG-1","Blood"
"TAGACTGTCGATGTGT-1","Cancer Epi"
"TAGCACACACAGGAAC-1","Blood"
"TAGCACAGTAACCATC-1","Blood"
"TAGCACAGTAACGGTG-1","Cancer Epi"
"TAGCACAGTAGTCCAT-1","Cancer Epi"
"TAGCACATCGTATAGC-1","Blood"
"TAGCATGCATTTAGGC-1","Cancer Epi"
"TAGCATGGTAGTTTGC-1","Blood"
"TAGCCCTCAGAGAGAA-1","Cancer Epi"
"TAGCCCTCAGGGTACA-1","Cancer Epi"
"TAGCCCTCATGTATCG-1","Cancer Epi"
"TAGCCCTTCGGTTGTA-1","Blood"
"TAGCCGGGTAGTCCAT-1","Blood"
"TAGCCGGGTGTCTCGG-1","Cancer Epi"
"TAGCGGCAGAGAACCC-1","Blood"
"TAGCGGCGTACTTCGA-1","Blood"
"TAGCGGCTCGCACAAT-1","Cancer Epi"
"TAGCTTTAGTCATACC-1","Cancer Epi"
"TAGCTTTGTAACTGAA-1","Cancer Epi"
"TAGCTTTTCCCAATAG-1","Blood"
"TAGGAGGAGCAATGTA-1","Blood"
"TAGGAGGAGGTGTCGA-1","Cancer Epi"
"TAGGAGGCACACTAGT-1","Cancer Epi"
"TAGGAGGTCGCTATAG-1","Blood"
"TAGGTCAAGACTAATG-1","Blood"
"TAGGTCACACGCGCAT-1","Cancer Epi"
"TAGGTCAGTCAACAGG-1","Cancer Epi"
"TAGGTGTAGAGGAACA-1","Cancer Epi"
"TAGGTGTAGCCTATAC-1","Blood"
"TAGGTGTAGTGAGTTA-1","Blood"
"TAGGTGTAGTGGTGTG-1","Cancer Epi"
"TAGGTGTCAAAGCTTC-1","Blood"
"TAGGTGTGTCAACGGA-1","Cancer Epi"
"TAGGTGTGTGCAAAGC-1","Cancer Epi"
"TAGGTGTTCTTAGTGG-1","Blood"
"TAGTCCCAGTGCTGAG-1","Blood"
"TAGTCCCGTTTAAGCC-1","Cancer Epi"
"TATCGAGTCAGCACTA-1","Blood"
"TATCGAGTCTATCTAC-1","Blood"
"TATCTGTCAAAGGTCG-1","Cancer Epi"
"TATCTGTCAATTGTGC-1","Cancer Epi"
"TATGTGGAGACGTCAG-1","Cancer Epi"
"TATGTGGAGAGAAGCA-1","Cancer Epi"
"TATGTGGAGCCCATGC-1","Blood"
"TATGTGGCAGCACATT-1","Blood"
"TATGTGGTCTAAACGC-1","Cancer Epi"
"TATGTTCCAACGAGGT-1","Blood"
"TATGTTCGTGTGTGCC-1","Blood"
"TATGTTCTCTTCTTCC-1","Blood"
"TATTGCTTCGCAAGCC-1","Cancer Epi"
"TATTGCTTCTCGGCGA-1","Cancer Epi"
"TCAAAGCCAACTCGTA-1","Cancer Epi"
"TCAAGACAGCTGAATA-1","Blood"
"TCAAGCAAGCGCCTAC-1","Blood"
"TCAAGCACACGTACAT-1","Cancer Epi"
"TCAAGCAGTACGCAAG-1","Cancer Epi"
"TCAAGCAGTGGACTGA-1","Cancer Epi"
"TCAAGGTCATCCCGGA-1","Cancer Epi"
"TCAAGGTCATTAAGGA-1","Cancer Epi"
"TCAATTCTCCAGCACG-1","Blood"
"TCAATTCTCCGATGCG-1","Cancer Epi"
"TCACAAGCAAAGCTGG-1","Cancer Epi"
"TCACAAGGTAAGTCTC-1","Cancer Epi"
"TCACAGACAAGGTTCT-1","Blood"
"TCACAGACAGTAGGCA-1","Cancer Epi"
"TCACAGATCAACACGT-1","Blood"
"TCACCACCAGGTAGCA-1","Blood"
"TCACCACGTAGCAGGT-1","Cancer Epi"
"TCACCACTCCTGAAAC-1","Blood"
"TCACCTGGTCTGATTG-1","Cancer Epi"
"TCACCTGGTTAACCGT-1","Blood"
"TCACCTGTCTTCGTTA-1","Blood"
"TCACTCGAGTTAGCAA-1","Cancer Epi"
"TCACTCGTCAAACCCA-1","Cancer Epi"
"TCACTCGTCGCCCTTA-1","Cancer Epi"
"TCAGCTCAGGCAAGGG-1","Cancer Epi"
"TCAGCTCGTGCCCTAG-1","Cancer Epi"
"TCAGGTACACTCCACT-1","Cancer Epi"
"TCAGGTACAGAGTCGA-1","Blood"
"TCAGGTAGTACAACGG-1","Blood"
"TCAGGTAGTTACCACA-1","Blood"
"TCAGGTAGTTCCGCGA-1","Cancer Epi"
"TCAGGTATCCTCCCAA-1","Blood"
"TCAGTCCAGTGGTGTG-1","Cancer Epi"
"TCAGTCCCATAGTCCA-1","Cancer Epi"
"TCAGTCCGTCTGTCCT-1","Blood"
"TCAGTCCTCCGATGCG-1","Cancer Epi"
"TCAGTTTCACATAAAG-1","Cancer Epi"
"TCAGTTTCATCTCACC-1","Cancer Epi"
"TCAGTTTCATTTCACT-1","Blood"
"TCCAGAAAGGTTCGAG-1","Cancer Epi"
"TCCAGAATCCACGGCA-1","Cancer Epi"
"TCCATCGAGGTGTCGA-1","Cancer Epi"
"TCCATCGGTTCACGTA-1","Blood"
"TCCCACACATTACACG-1","Cancer Epi"
"TCCGACTTCCATACCC-1","Blood"
"TCCGACTTCGGATAGG-1","Blood"
"TCGCAGGGTAAGTGCG-1","Cancer Epi"
"TCGCAGGGTTTCACCC-1","Blood"
"TCGCCTACAAGCCTTA-1","Blood"
"TCGCCTACAATGGTCT-1","Blood"
"TCGGGACAGACACAAT-1","Cancer Epi"
"TCGGGACAGGGTCCCT-1","Blood"
"TCGGGACGTACGCAAG-1","Blood"
"TCGGGACTCCATCATT-1","Cancer Epi"
"TCGTTCGAGACTAGGC-1","Cancer Epi"
"TCGTTCGAGCTGCCAC-1","Cancer Epi"
"TCGTTCGCAACCTCCT-1","Cancer Epi"
"TCGTTCGCAACGTCCG-1","Blood"
"TCGTTCGTCGGGTCCA-1","Cancer Epi"
"TCTAGTTAGACCCTAT-1","Blood"
"TCTAGTTAGAGTTCGG-1","Blood"
"TCTAGTTAGTAATGTG-1","Blood"
"TCTAGTTGTTGAATAG-1","Blood"
"TCTAGTTTCCAGGCCA-1","Cancer Epi"
"TCTATTGAGTTACACC-1","Blood"
"TCTATTGCAGTGCTCG-1","Cancer Epi"
"TCTCAGCCAACGCAAG-1","Blood"
"TCTCAGCGTTCCGCGA-1","Cancer Epi"
"TCTCAGCTCCATGTTT-1","Blood"
"TCTCTGGGTTGCAGAG-1","Blood"
"TGAATCGAGTATACCC-1","Cancer Epi"
"TGACAACAGATCGCCC-1","Blood"
"TGACAACTCAAGAGAT-1","Blood"
"TGACAACTCTATATCC-1","Cancer Epi"
"TGATCAGAGCTTCAAC-1","Cancer Epi"
"TGATCAGTCGGAGTTT-1","Cancer Epi"
"TGATCAGTCTCCTTAA-1","Blood"
"TGATGCACAACATAAG-1","Cancer Epi"
"TGATGCACAACCTCCT-1","Cancer Epi"
"TGATGCACACACATTG-1","Blood"
"TGATGCACAGAACTTC-1","Cancer Epi"
"TGATGCACATGTGAGG-1","Cancer Epi"
"TGATTTCAGACACTTC-1","Blood"
"TGATTTCAGTTCCAGT-1","Blood"
"TGATTTCCATGCCCTT-1","Cancer Epi"
"TGATTTCCATGGTTTG-1","Blood"
"TGCACCTAGCCTTTGA-1","Cancer Epi"
"TGCACCTCATAGCAGG-1","Cancer Epi"
"TGCACCTGTCAAGACG-1","Blood"
"TGCACCTTCTATCTCA-1","Blood"
"TGCATGATCCCGTAGG-1","Cancer Epi"
"TGCATTTAGTTAGAGT-1","Cancer Epi"
"TGCATTTGTCCTATTT-1","Cancer Epi"
"TGCCTGTCATATAGAG-1","Blood"
"TGCCTGTGTAGATGAT-1","Blood"
"TGCCTGTGTCAACTGT-1","Cancer Epi"
"TGCGTAAAGAGTGGTC-1","Blood"
"TGCGTAACATGCGCTG-1","Blood"
"TGCGTAATCGCGCTGA-1","Cancer Epi"
"TGCGTAATCTTAACGG-1","Cancer Epi"
"TGCTATTTCCATTGTT-1","Cancer Epi"
"TGCTCACCAAGTAATG-1","Blood"
"TGCTCACGTACGACCC-1","Cancer Epi"
"TGCTCACGTGCAGACA-1","Cancer Epi"
"TGCTCGTGTCACCGCA-1","Blood"
"TGCTCGTGTGTAGGAC-1","Blood"
"TGCTCGTTCAGTGTAC-1","Blood"
"TGCTTCGCAACAAACA-1","Blood"
"TGCTTCGCACCAAGGA-1","Blood"
"TGCTTCGCAGGCAAGT-1","Cancer Epi"
"TGCTTCGGTAGCTGTT-1","Cancer Epi"
"TGCTTCGGTTTCGACA-1","Cancer Epi"
"TGCTTCGTCAGTGTGT-1","Cancer Epi"
"TGCTTTAAGGCCAATG-1","Blood"
"TGCTTTAGTGCAGACA-1","Blood"
"TGGAAGGGTACTTCGA-1","Blood"
"TGGAAGGGTAGTAACA-1","Blood"
"TGGACATAGTGAACCG-1","Cancer Epi"
"TGGACATGTGAATCGG-1","Cancer Epi"
"TGGACATTCCATAACG-1","Cancer Epi"
"TGGCAATAGATCGAGC-1","Blood"
"TGGCAATAGGTTGTGG-1","Blood"
"TGGCAATCACTCGCAG-1","Cancer Epi"
"TGGCAATGTATGTTCG-1","Cancer Epi"
"TGGCAATGTTCCCAAA-1","Cancer Epi"
"TGGCCTTGTCAAATCC-1","Cancer Epi"
"TGGCCTTGTTCCAATG-1","Blood"
"TGGCCTTTCGCGCCAA-1","Blood"
"TGGCGCAAGTTGAATG-1","Blood"
"TGGCGCAGTATCTAGC-1","Cancer Epi"
"TGGCGCATCGTAGCGC-1","Cancer Epi"
"TGGGTGCCAACGTCCG-1","Cancer Epi"
"TGGGTGCGTTCCGGCA-1","Blood"
"TGGGTGCTCAGCACGC-1","Cancer Epi"
"TGGGTTAAGCTCCGGT-1","Cancer Epi"
"TGGGTTAGTAGACACG-1","Blood"
"TGGGTTAGTGAGGGTT-1","Blood"
"TGGTCAAAGAAACGCC-1","Cancer Epi"
"TGGTCAAGTCAGCTTA-1","Cancer Epi"
"TGTAAGCAGGCACCTC-1","Cancer Epi"
"TGTAAGCGTCTAACCA-1","Cancer Epi"
"TGTAAGCTCCAATAGC-1","Blood"
"TGTACAGCAACAAACA-1","Blood"
"TGTACAGCAAGAGCGT-1","Cancer Epi"
"TGTACGACAGCGCGTT-1","Cancer Epi"
"TGTAGCAAGATTGACA-1","Blood"
"TGTAGCAAGGAGGCGA-1","Blood"
"TGTAGCAAGGTTGACG-1","Cancer Epi"
"TGTAGCACAACTCAAC-1","Blood"
"TGTAGCACACCACCAG-1","Cancer Epi"
"TGTAGCACAGCACATT-1","Cancer Epi"
"TGTGACAAGGCAATTA-1","Blood"
"TGTGACATCCTATCAT-1","Cancer Epi"
"TGTGACATCCTCAAGA-1","Blood"
"TGTGGCGCAACGTAGG-1","Cancer Epi"
"TGTGGCGCACTGTTAG-1","Blood"
"TGTGTCCCACATCATG-1","Cancer Epi"
"TGTGTCCTCTGAGTCA-1","Blood"
"TGTTAGGAGAGCACTG-1","Blood"
"TGTTAGGCATTTGGCA-1","Cancer Epi"
"TTAACGGGTACAACGG-1","Blood"
"TTACCCGAGCGGACAT-1","Blood"
"TTACCCGGTTGCCTGG-1","Blood"
"TTACCGCAGCTGGAGT-1","Cancer Epi"
"TTACCGCCAACAAACA-1","Cancer Epi"
"TTACCGCCAACTCGTA-1","Cancer Epi"
"TTACCGCTCAGGAAGC-1","Cancer Epi"
"TTACCGCTCGACTTAG-1","Cancer Epi"
"TTACCGCTCTTCACTA-1","Blood"
"TTACTCAGTTTGCCCT-1","Cancer Epi"
"TTACTTGTCGGATAGG-1","Cancer Epi"
"TTAGCGATCGCGTGAC-1","Cancer Epi"
"TTAGCGATCGGACGAA-1","Blood"
"TTAGGTGAGTCTAGAA-1","Cancer Epi"
"TTAGGTGCAGGTAGCA-1","Cancer Epi"
"TTAGGTGGTTTCTTAC-1","Blood"
"TTATGTCAGAGCCTGA-1","Cancer Epi"
"TTATGTCAGAGGAACA-1","Cancer Epi"
"TTATGTCAGTTGAATG-1","Cancer Epi"
"TTATGTCTCCACCTAC-1","Blood"
"TTATGTCTCGACTGGC-1","Blood"
"TTCAACTCAGCCGAAA-1","Cancer Epi"
"TTCAACTTCGCGTTCT-1","Cancer Epi"
"TTCAACTTCTCCTTGG-1","Blood"
"TTCATTGGTACGGAGT-1","Cancer Epi"
"TTCATTGGTCTCAAAC-1","Blood"
"TTCGATTAGAACTCCT-1","Cancer Epi"
"TTCGATTAGGTTCTCA-1","Cancer Epi"
"TTCGATTAGTATGCTC-1","Cancer Epi"
"TTCGATTAGTCCCGCA-1","Cancer Epi"
"TTCGCGTAGGCGCTTC-1","Cancer Epi"
"TTCGCGTGTATCCTTT-1","Blood"
"TTCGCGTGTGCGACCT-1","Cancer Epi"
"TTCGGTCGTACTTCAG-1","Cancer Epi"
"TTCGTTAAGGAGTACC-1","Blood"
"TTCTAACAGACTTCCA-1","Blood"
"TTCTAACAGCCCATTA-1","Cancer Epi"
"TTCTGTACAATGGTCT-1","Cancer Epi"
"TTGACGAAGATTGACA-1","Blood"
"TTGACGACACTCAGCG-1","Cancer Epi"
"TTGACGATCCAGCACG-1","Blood"
"TTGAGCAAGAAGACTT-1","Blood"
"TTGAGCATCCAGTACA-1","Cancer Epi"
"TTGAGTGGTGTGTGTT-1","Blood"
"TTGCAGACAACATAAG-1","Blood"
"TTGCCCAAGGGTATCG-1","Cancer Epi"
"TTGCCCATCCTAAAGC-1","Blood"
"TTGCGAAAGAGAAGCA-1","Blood"
"TTGCGAACAAGGGTAC-1","Blood"
"TTGCGAAGTAAACGGC-1","Cancer Epi"
"TTGCGAAGTCCTTCAC-1","Cancer Epi"
"TTGCGAAGTTCGGGAA-1","Blood"
"TTGCGAATCAGATACC-1","Blood"
"TTGCGGGGTCAATACC-1","Cancer Epi"
"TTGCGGGTCGCAGATT-1","Blood"
"TTGCTATGTGCGCTCA-1","Cancer Epi"
"TTGCTATGTTCACGTA-1","Blood"
"TTGGTCCCATCCCGGA-1","Cancer Epi"
"TTGGTCCCATCCGTAA-1","Cancer Epi"
"TTGGTCCTCATTGCCC-1","Cancer Epi"
"TTGTCTACAATTCTCT-1","Cancer Epi"
"TTGTCTAGTATCAGCT-1","Cancer Epi"
"TTGTTCAAGGAAGACA-1","Cancer Epi"
"TTGTTCACAGTAACTC-1","Cancer Epi"
"TTGTTCAGTCCAGACC-1","Blood"
"TTGTTCAGTGAATCGG-1","Cancer Epi"
"TTGTTCAGTTAGGAGC-1","Cancer Epi"
"TTGTTCATCGGATAAA-1","Cancer Epi"
"TTGTTCATCTGCTACC-1","Blood"
"TTGTTCATCTTACTCA-1","Blood"
"TTGTTGTTCGTTCAGA-1","Cancer Epi"
"TTTACGTAGGAGTACC-1","Cancer Epi"
"TTTACGTAGTCTCTAG-1","Cancer Epi"
"TTTACGTTCAACACGT-1","Cancer Epi"
"TTTACGTTCCCGCAAG-1","Blood"
"TTTGAGGAGACGCCCT-1","Cancer Epi"
"TTTGAGGAGCATTCCA-1","Cancer Epi"
"TTTGAGGAGTGCAACG-1","Cancer Epi"
"TTTGAGGGTCTCTGGG-1","Cancer Epi"
"TTTGAGGGTCTGATTG-1","Cancer Epi"
"TTTGAGGTCCCACTTG-1","Blood"
"TTTGAGGTCGCAAGCC-1","Cancer Epi"
"TTTGAGGTCTATCTAC-1","Cancer Epi"
"TTTGAGGTCTGGACAT-1","Cancer Epi"
"TTTGCGCAGGCACTAG-1","Cancer Epi"
"TTTGCGCAGGTAGGCT-1","Cancer Epi"
"TTTGCGCCAACAACTC-1","Cancer Epi"
"TTTGCGCCACAGCCAC-1","Cancer Epi"
"TTTGCGCGTAATGCCT-1","Cancer Epi"
"TTTGCGCGTTCTACGA-1","Cancer Epi"
"TTTGCGCTCACTGATG-1","Blood"
"TTTGGCCAGGTGTTGG-1","Cancer Epi"
"TTTGGCCCAATGCATC-1","Blood"
"TTTGGCCTCGTCCCTA-1","Cancer Epi"
"TTTGTGTAGGTCCTCG-1","Cancer Epi"
"TTTGTGTAGTAGTGTA-1","Blood"
"TTTGTGTAGTCGGGAT-1","Blood"
"TTTGTGTCACAACGGA-1","Blood"
